<?xml version="1.0" encoding="UTF-8" standalone="no"?>
<!DOCTYPE properties SYSTEM "http://java.sun.com/dtd/properties.dtd">
<properties>
<comment>NeuGen project directory </comment>
<entry key="apical">Parameters for the apical dendrites.</entry>
<entry key="branch">Branching parameters.</entry>
<entry key="appendix">Parameters of the .neu files.
        The indentation follows the branch structure of the data tree. Folders are in bold font, sheets, where values can be changed are in normal font.
        Default values (taken from experimental findings described in the literature) are in ■ lists.
    </entry>
<entry key="initial_segment">Initial segment follows the axonal hillock.</entry>
<entry key="hillock">Axon hillock parameter.</entry>
<entry key="myelin">Myelin parameter.</entry>
<entry key="nparts_density">Density of compartments (number per μm).</entry>
<entry key="seed">Start value for the random number generator.</entry>
<entry key="oblique">Parameters of oblique dendrite.</entry>
<entry key="basal">Parameters for the basal dendrites.</entry>
<entry key="axon">Axon parameters.</entry>
<entry key="siblings">Subsequent generations of the neural tree and their parameters.</entry>
<entry key="vel">Environment velocity.</entry>
<entry key="napiden">Number of apical dendrites.</entry>
<entry key="simple_distr">Parameters for the distribution of input synapses.</entry>
<entry key="deviation">Contains parameters to control the deviation from the base neuron; i.e. the appearance of the realization of this neuron.</entry>
<entry key="branch_angle">Base angle between two branches at a branching point in degree.</entry>
<entry key="dendrite">Contains settings for the dendritic tree.</entry>
<entry key="non_functional_synapses">Parameters for the input synapses.</entry>
<entry key="soma">Soma parameters.</entry>
<entry key="noblique">Number of oblique dentrites.</entry>
<entry key="len_param">Geometric length vector in multiples of the soma radius...</entry>
<entry key="synapse">Synapse parameters.</entry>
<entry key="Hippocampus">Parameters of the .neu files.
        The indentation follows the branch structure of the data tree. Folders are in bold font, sheets, where values can be changed are in normal font.
        Default values (taken from experimental findings described in the literature) are in ■ lists.
    </entry>
<entry key="nden">Total number of primary dendrites (basal and apical).</entry>
<entry key="gen_0">First generation of the neural tree.</entry>
<entry key="angle">Base angle at the branching points in degree.</entry>
<entry key="date">Tue Nov 25 18:43:05 EST 2014</entry>
<entry key="soma_distance">distance of location of synapse to soma in μm</entry>
<entry key="rad">Base radius (context-sensitive parameter).</entry>
<entry key="nbranch_param">Number of branches.</entry>
<entry key="name">Hippocampus</entry>
<entry key="val">Environment value.</entry>
</properties>
